2024-04-04 01:39 PM,Real Time,sad
2024-04-04 01:40 PM,Real Time,sad
2024-04-04 01:40 PM,Real Time,sad
2024-04-04 01:40 PM,Real Time,neutral
2024-04-04 01:40 PM,Real Time,neutral
2024-04-04 01:40 PM,Real Time,sad
2024-09-10 01:41 PM,Real Time,sad
2024-09-10 02:37 PM,Real Time,sad
2024-09-10 02:38 PM,Real Time,happy
2024-09-10 02:38 PM,Real Time,happy
2024-09-10 02:38 PM,Real Time,happy
2024-09-10 02:38 PM,Real Time,happy
2024-09-10 02:38 PM,Real Time,happy
2024-09-10 02:38 PM,Real Time,happy
2024-09-10 02:38 PM,Real Time,happy
2024-09-10 02:38 PM,Real Time,happy
2024-09-10 02:38 PM,Real Time,happy
2024-09-10 02:38 PM,Real Time,happy
2024-09-10 02:38 PM,Real Time,happy
2024-09-10 02:38 PM,Real Time,happy
2024-09-10 02:38 PM,Real Time,happy
2024-09-10 02:38 PM,Real Time,happy
2024-09-10 02:38 PM,Real Time,happy
2024-09-10 02:38 PM,Real Time,happy
2024-09-10 02:38 PM,Real Time,happy
2024-09-10 02:38 PM,Real Time,happy
2024-09-10 02:38 PM,Real Time,sad
2024-09-10 02:38 PM,Real Time,sad
2024-09-10 02:38 PM,Real Time,sad
2024-09-10 02:38 PM,Real Time,sad
2024-09-10 02:38 PM,Real Time,sad
2024-09-10 02:38 PM,Real Time,happy
2024-09-10 02:38 PM,Real Time,sad
2024-09-10 02:38 PM,Real Time,happy
2024-09-10 02:38 PM,Real Time,happy
2024-09-10 02:38 PM,Real Time,happy
2024-09-10 02:38 PM,Real Time,happy
2024-09-10 02:38 PM,Real Time,happy
2024-09-10 02:38 PM,Real Time,happy
2024-09-10 02:38 PM,Real Time,happy
2024-09-10 02:38 PM,Real Time,sad
2024-09-10 02:38 PM,Real Time,happy
2024-09-10 02:38 PM,Real Time,happy
2024-09-10 02:38 PM,Real Time,happy
2024-09-10 02:38 PM,Real Time,happy
2024-09-10 02:38 PM,Real Time,happy
2024-09-10 02:38 PM,Real Time,happy
2024-09-10 02:38 PM,Real Time,happy
2024-09-10 02:38 PM,Real Time,happy
2024-09-10 02:38 PM,Real Time,happy
2024-09-10 02:38 PM,Real Time,happy
2024-09-10 02:38 PM,Real Time,happy
2024-09-10 02:38 PM,Real Time,happy
2024-09-10 02:38 PM,Real Time,happy
2024-09-10 02:38 PM,Real Time,happy
2024-09-10 02:38 PM,Real Time,happy
2024-09-10 02:38 PM,Real Time,sad
2024-09-10 02:38 PM,Real Time,sad
2024-09-10 02:38 PM,Real Time,sad
2024-09-10 02:38 PM,Real Time,sad
2024-09-10 02:38 PM,Real Time,sad
2024-09-10 02:38 PM,Real Time,sad
2024-09-10 02:38 PM,Real Time,sad
2024-09-10 02:38 PM,Real Time,sad
2024-09-10 02:38 PM,Real Time,sad
2024-09-10 02:38 PM,Real Time,sad
2024-09-10 02:38 PM,Real Time,sad
2024-09-10 02:38 PM,Real Time,sad
2024-09-10 02:38 PM,Real Time,sad
2024-09-10 02:38 PM,Real Time,sad
2024-09-10 02:38 PM,Real Time,sad
